{
    "name": "root",
    "metadata": {
        "timer_format_version": "0.1.0",
        "start_time_seconds": "1717852364",
        "python_version": "3.9.0 (tags/v3.9.0:9cf6752, Oct  5 2020, 15:34:40) [MSC v.1927 64 bit (AMD64)]",
        "command_line_arguments": "C:\\Users\\user\\AppData\\Local\\Programs\\Python\\Python39\\Scripts\\mlagents-learn D:\\GitHub\\Snowball.io_CopyWithML\\ml-agents-release_20\\config\\ppo\\SnowBall.yaml --run-id=test3 --results-dir=D:\\GitHub\\Snowball.io_CopyWithML\\Results",
        "mlagents_version": "0.30.0",
        "mlagents_envs_version": "0.30.0",
        "communication_protocol_version": "1.5.0",
        "pytorch_version": "1.7.1+cu110",
        "numpy_version": "1.21.2",
        "end_time_seconds": "1717852504"
    },
    "total": 140.53631099999998,
    "count": 1,
    "self": 0.004324700000012172,
    "children": {
        "run_training.setup": {
            "total": 0.0919219,
            "count": 1,
            "self": 0.0919219
        },
        "TrainerController.start_learning": {
            "total": 140.44006439999998,
            "count": 1,
            "self": 0.09118419999973071,
            "children": {
                "TrainerController._reset_env": {
                    "total": 7.7374917000000005,
                    "count": 1,
                    "self": 7.7374917000000005
                },
                "TrainerController.advance": {
                    "total": 132.42114230000027,
                    "count": 5699,
                    "self": 0.07630990000041038,
                    "children": {
                        "env_step": {
                            "total": 131.74041000000005,
                            "count": 5699,
                            "self": 110.46726999999983,
                            "children": {
                                "SubprocessEnvManager._take_step": {
                                    "total": 21.219252199999854,
                                    "count": 5699,
                                    "self": 0.2544431999995638,
                                    "children": {
                                        "TorchPolicy.evaluate": {
                                            "total": 20.96480900000029,
                                            "count": 5691,
                                            "self": 20.96480900000029
                                        }
                                    }
                                },
                                "workers": {
                                    "total": 0.0538878000003713,
                                    "count": 5698,
                                    "self": 0.0,
                                    "children": {
                                        "worker_root": {
                                            "total": 72.46219880000004,
                                            "count": 5698,
                                            "is_parallel": true,
                                            "self": 27.475480800000014,
                                            "children": {
                                                "steps_from_proto": {
                                                    "total": 0.00030589999999985906,
                                                    "count": 1,
                                                    "is_parallel": true,
                                                    "self": 0.00014879999999983795,
                                                    "children": {
                                                        "_process_rank_one_or_two_observation": {
                                                            "total": 0.0001571000000000211,
                                                            "count": 2,
                                                            "is_parallel": true,
                                                            "self": 0.0001571000000000211
                                                        }
                                                    }
                                                },
                                                "UnityEnvironment.step": {
                                                    "total": 44.986412100000024,
                                                    "count": 5698,
                                                    "is_parallel": true,
                                                    "self": 0.35321870000001354,
                                                    "children": {
                                                        "UnityEnvironment._generate_step_input": {
                                                            "total": 0.27839590000017544,
                                                            "count": 5698,
                                                            "is_parallel": true,
                                                            "self": 0.27839590000017544
                                                        },
                                                        "communicator.exchange": {
                                                            "total": 43.23735499999988,
                                                            "count": 5698,
                                                            "is_parallel": true,
                                                            "self": 43.23735499999988
                                                        },
                                                        "steps_from_proto": {
                                                            "total": 1.1174424999999566,
                                                            "count": 5698,
                                                            "is_parallel": true,
                                                            "self": 0.6105677999994334,
                                                            "children": {
                                                                "_process_rank_one_or_two_observation": {
                                                                    "total": 0.5068747000005231,
                                                                    "count": 11396,
                                                                    "is_parallel": true,
                                                                    "self": 0.5068747000005231
                                                                }
                                                            }
                                                        }
                                                    }
                                                }
                                            }
                                        }
                                    }
                                }
                            }
                        },
                        "trainer_advance": {
                            "total": 0.6044223999998142,
                            "count": 5698,
                            "self": 0.12019039999985459,
                            "children": {
                                "process_trajectory": {
                                    "total": 0.4842319999999596,
                                    "count": 5698,
                                    "self": 0.4842319999999596
                                }
                            }
                        }
                    }
                },
                "TrainerController._save_models": {
                    "total": 0.19024619999999004,
                    "count": 1,
                    "self": 0.016536899999977095,
                    "children": {
                        "RLTrainer._checkpoint": {
                            "total": 0.17370930000001295,